{
  "users": {
    "6283117190494@s.whatsapp.net": {
      "hitcmd": 23,
      "attacksi": "6283123448708@s.whatsapp.net",
      "isBattle": true,
      "attackdigi": 53,
      "DarahOrang": 230,
      "tp": 5,
      "bits": 15,
      "kenyang": 340,
      "happy": 100,
      "digivice": true,
      "recoverplug": 10,
      "apajob": false,
      "job": "nganggur",
      "setname": "Veemon - Evolution",
      "maxdarahdigi": 230,
      "mpmax": 150,
      "mp": 88,
      "breakk": false,
      "kuldonattack": 1723253895021
    },
    "6283123448708@s.whatsapp.net": {
      "hitcmd": 111,
      "pc": 1723536031562,
      "attackdigi": 53,
      "maxdarahdigi": 230,
      "DarahOrang": 230,
      "digivice": true,
      "tp": 5,
      "bits": 115,
      "kenyang": 340,
      "happy": 100,
      "mpmax": 150,
      "mp": 12,
      "recoverplug": 10,
      "attacksi": "6283117190494@s.whatsapp.net",
      "isBattle": false,
      "setname": "ziyo",
      "apajob": false,
      "job": "nganggur",
      "breakk": true
    },
    "6283115834692@s.whatsapp.net": {
      "pc": 1723440608034
    },
    "6283117190495@s.whatsapp.net": {}
  },
  "chats": {
    "120363319049859493@g.us": {
      "isBanned": false
    },
    "6283117190494@s.whatsapp.net": {
      "isBanned": false
    },
    "status@broadcast": {
      "isBanned": false
    },
    "6283123448708@s.whatsapp.net": {
      "isBanned": false
    },
    "6283117190495@s.whatsapp.net": {
      "isBanned": false
    }
  },
  "game": {
    "tebaklagu": [],
    "kuismath": [],
    "tebakgambar": [],
    "tebakkata": [],
    "tebakkalimat": [],
    "tebaklirik": [],
    "tebaktebakan": [],
    "tebakbendera": [],
    "tebakbendera2": [],
    "tebakkabupaten": [],
    "tebakkimia": [],
    "tebakasahotak": [],
    "tebaksiapakahaku": [],
    "tebaksusunkata": [],
    "tebaktekateki": []
  },
  "database": {},
  "settings": {
    "6283117190494@s.whatsapp.net": {
      "autoread": false,
      "public": true,
      "setmenu": 1,
      "setreply": 1
    },
    "6283117190495@s.whatsapp.net": {
      "autoread": false,
      "public": true,
      "setmenu": 1,
      "setreply": 1
    }
  },
  "setting": {},
  "others": {},
  "sticker": {}
}